{"0cKIiqYiOCoGsf4fuCCFRA==":"untitled-design-18-removebg-preview-398x626.png","Tp/Rm7xv2N6X3nudrKazpA==":"pexels-dmitry-demidov-3783471-416x421.jpg","DIeLVAwjMh4+5MYM+N8MLg==":"mbr-398x322.jpg","E38TS60tNwoHm6nsBOJeRQ==":"pexels-eberhard-grossgasteiger-844297%20(1)-1280x853.jpg","bN7lh5muya8r9zYlMTDztg==":"imageedit-7-9275692381-96x37.png","nUYD0449ozJoJVPVGEqQZA==":"istockphoto-1426057291-1024x551.jpeg","pV0z8ZD2EU6rhUgD1eY94g==":"istockphoto-1426057292-1024x551.jpeg","6YScIguqOio4YrrkzbsY2Q==":"pexels-charlotte-may-5965918-968x1452.jpg","JWxtbUgOSxTNgWwqHFpFKA==":"pexels-charlotte-may-5965918-968x1452.jpeg","oK3WLRS64zJb4B81N17/Vw==":"pexels-charlotte-may-5965918-1076x1614.jpg","0ZSHcFKaqwk/7m3G0eLrRw==":"pexels-charlotte-may-5965918-1076x1614.jpeg","EB27Gk3gaMUdeU1iG2DG8Q==":"imageedit_26-6051887619-249x235.png","t9i/DYqWdeOrCjkJngLSEA==":"327270314_1717271212041996_4561757946366914473_n-500x500.jpg","WJLDWSgYDm84CdWM3EFAQg==":"a5ed913c0ac50e2847caada6c6100880-300x300.jpg","05b84jPSv3dKTwjCowpoTg==":"images%20(1)-225x225.jpg","V0rTj/tGT0c01AXReX1dyA==":"atb%20log-450x300.png","PT3sURyB122F2cyoZaj9Uw==":"img-480x480.jpg","iG13ea6tMZVUE4MfL6vIew==":"hqdefault%20(1)-480x360.jpg","mBiTxaGEdQLclakLGU5h3Q==":"116063-595x595.png"}