{"uUAN3EwrUvjpQvV59XAZEw==":"mbr-5.jpg","S1sAzJ7vbkfC3lXjZeIjYA==":"2.png","DMItbbEtlw8BPr1Myjg5fg==":"50e11ecc-a081-408b-86b5-a1e4061274be-scaled.jpeg-1076x1475.jpeg","qwcHG52ie9djmYk2NBdGBg==":"colorjoy-stock-fall-home-decor-7-2000x2996.jpeg","9uh5fyO5xBXZJ1qsJ02BaA==":"pexels-eberhard-grossgasteiger-844297-min-1280x853.jpg","2hVNxXxbcDhAeQMi1t/RhQ==":"geometric%20simple%20aesthetic%20geometric%20luxury%20logo-500x500.png","kwu7StDM+G6fRNsPrnzuSA==":"geometric%20simple%20aesthetic%20geometric%20luxury%20logo-96x96.png","3Yk82ivY2fGvFHFBpj3wFA==":"geometric%20simple%20aesthetic%20geometric%20luxury%20logo-96x96.png","qk5Qlo9c8D+pT2L3G7YhCA==":"geometric%20simple%20aesthetic%20geometric%20luxury%20logo-96x96.png","zgnZEMhxUsrtrIJ66rA/fA==":"imageedit_7-9275692381-152x58.png","yYnPVYtyYT1n5jmiFnjTnw==":"imageedit_7-9275692381-96x37.png","1o5fFCk9o6fJYaOWzG3aZQ==":"1280x1280-886x886.jpg","laq6CE3BnqbxOyf1NX6IRw==":"1280x1280-1076x1076.jpg","o94v8iv0KtkDtT4+bV2/ZQ==":"pexels-luis-quintero-2294873-640x427.jpg","DGss1O4UdCsa276AIl8Gzg==":"pexels-dmitry-demidov-3783471-640x426.jpg","Jn3YFmSgCN55JTHNiy4vQw==":"mbr-483x322.jpg","BaUOqHilzC3vB7AAs65ogA==":"pexels-dmitry-demidov-3783471-640x426.jpeg","LDCA06asZrpDgysknsOUCw==":"mbr-483x322.jpeg","KFcWBvZZTsSbayEBi9Ut/g==":"untitled_design__15_-removebg-preview-398x626.png","0cKIiqYiOCoGsf4fuCCFRA==":"untitled_design__18_-removebg-preview-398x626.png"}